{
    "Ground_Truth": {
        "Number_of_Faces": 24,
        "Number_of_Unique_Edges": 36,
        "Number_of_Vertices": 14,
        "Width_mm": 0.98593,
        "Height_mm": 1.39258,
        "Depth_mm": 0.04303,
        "Bounding_Box_Center": "Vector (0.15728899836540222, 0.053708404302597046, 0.021512605249881724)",
        "Aspect_Ratio_XY": 0.70799,
        "Aspect_Ratio_XZ": 22.91525,
        "Aspect_Ratio_YZ": 32.36668,
        "Is_Solid": true,
        "Volume_cubic_mm": 0.0573,
        "Surface_Area_square_mm": 2.85787
    }
}