{
    "Ground_Truth": {
        "Number_of_Faces": 24,
        "Number_of_Unique_Edges": 36,
        "Number_of_Vertices": 14,
        "Width_mm": 0.13305,
        "Height_mm": 0.39916,
        "Depth_mm": 0.18881,
        "Bounding_Box_Center": "Vector (0.06652720272541046, -0.5504185557365417, 0.0028127655386924744)",
        "Aspect_Ratio_XY": 0.33333,
        "Aspect_Ratio_XZ": 0.70471,
        "Aspect_Ratio_YZ": 2.11412,
        "Is_Solid": true,
        "Volume_cubic_mm": 0.00717,
        "Surface_Area_square_mm": 0.25082
    }
}