{
    "Ground_Truth": {
        "Number_of_Faces": 160,
        "Number_of_Unique_Edges": 240,
        "Number_of_Vertices": 82,
        "Width_mm": 0.70588,
        "Height_mm": 0.40809,
        "Depth_mm": 0.22059,
        "Bounding_Box_Center": "Vector (0.35294118523597723, 0.20404410362243652, 0.11029410362243652)",
        "Aspect_Ratio_XY": 1.72973,
        "Aspect_Ratio_XZ": 3.2,
        "Aspect_Ratio_YZ": 1.85,
        "Is_Solid": true,
        "Volume_cubic_mm": 0.06239,
        "Surface_Area_square_mm": 1.0278
    }
}