{
    "Ground_Truth": {
        "Number_of_Faces": 308,
        "Number_of_Unique_Edges": 462,
        "Number_of_Vertices": 154,
        "Width_mm": 0.35828,
        "Height_mm": 0.92869,
        "Depth_mm": 0.02989,
        "Bounding_Box_Center": "Vector (0.0, 0.28565265238285065, 0.014945399947464461)",
        "Aspect_Ratio_XY": 0.38579,
        "Aspect_Ratio_XZ": 11.98644,
        "Aspect_Ratio_YZ": 31.06958,
        "Is_Solid": true,
        "Volume_cubic_mm": 0.00628,
        "Surface_Area_square_mm": 0.49484
    }
}