{
    "Ground_Truth": {
        "Number_of_Faces": 28,
        "Number_of_Unique_Edges": 42,
        "Number_of_Vertices": 16,
        "Width_mm": 0.77885,
        "Height_mm": 0.60577,
        "Depth_mm": 0.01803,
        "Bounding_Box_Center": "Vector (-0.36057692486792803, 0.30288460850715637, 0.009017259813845158)",
        "Aspect_Ratio_XY": 1.28571,
        "Aspect_Ratio_XZ": 43.18641,
        "Aspect_Ratio_YZ": 33.58943,
        "Is_Solid": true,
        "Volume_cubic_mm": 0.0084,
        "Surface_Area_square_mm": 0.98128
    }
}