{
    "Ground_Truth": {
        "Number_of_Faces": 12,
        "Number_of_Unique_Edges": 18,
        "Number_of_Vertices": 8,
        "Width_mm": 0.23309,
        "Height_mm": 0.74494,
        "Depth_mm": 0.49541,
        "Bounding_Box_Center": "Vector (-0.11654564738273586, -0.37246933579444885, -0.00025384873151779175)",
        "Aspect_Ratio_XY": 0.3129,
        "Aspect_Ratio_XZ": 0.4705,
        "Aspect_Ratio_YZ": 1.50369,
        "Is_Solid": true,
        "Volume_cubic_mm": 0.05592,
        "Surface_Area_square_mm": 1.06277
    }
}