{
    "Ground_Truth": {
        "Number_of_Faces": 810,
        "Number_of_Unique_Edges": 1215,
        "Number_of_Vertices": 407,
        "Width_mm": 0.8301,
        "Height_mm": 0.8301,
        "Depth_mm": 0.26498,
        "Bounding_Box_Center": "Vector (0.08009524643421173, -0.0798785537481308, 0.13248990476131436)",
        "Aspect_Ratio_XY": 1.0,
        "Aspect_Ratio_XZ": 3.13267,
        "Aspect_Ratio_YZ": 3.13267,
        "Is_Solid": true,
        "Volume_cubic_mm": 0.09742,
        "Surface_Area_square_mm": 2.64196
    }
}