{
    "Ground_Truth": {
        "Number_of_Faces": 24,
        "Number_of_Unique_Edges": 36,
        "Number_of_Vertices": 14,
        "Width_mm": 0.67678,
        "Height_mm": 0.75,
        "Depth_mm": 0.13589,
        "Bounding_Box_Center": "Vector (0.0266447514295578, -0.37499999999999983, 0.06794410198926924)",
        "Aspect_Ratio_XY": 0.90237,
        "Aspect_Ratio_XZ": 4.98039,
        "Aspect_Ratio_YZ": 5.51924,
        "Is_Solid": true,
        "Volume_cubic_mm": 0.04257,
        "Surface_Area_square_mm": 1.28908
    }
}