{
    "Ground_Truth": {
        "Number_of_Faces": 228,
        "Number_of_Unique_Edges": 342,
        "Number_of_Vertices": 116,
        "Width_mm": 0.70265,
        "Height_mm": 0.75,
        "Depth_mm": 0.70244,
        "Bounding_Box_Center": "Vector (0.008562296628952026, -0.37499999999999983, -0.014125898480415344)",
        "Aspect_Ratio_XY": 0.93686,
        "Aspect_Ratio_XZ": 1.00029,
        "Aspect_Ratio_YZ": 1.0677,
        "Is_Solid": true,
        "Volume_cubic_mm": 0.05939,
        "Surface_Area_square_mm": 2.57543
    }
}