{
    "Ground_Truth": {
        "Number_of_Faces": 684,
        "Number_of_Unique_Edges": 1026,
        "Number_of_Vertices": 344,
        "Width_mm": 1.04978,
        "Height_mm": 0.01281,
        "Depth_mm": 0.57663,
        "Bounding_Box_Center": "Vector (-0.21266235411167145, -0.0064070248045025435, 0.02427925169467926)",
        "Aspect_Ratio_XY": 81.92415,
        "Aspect_Ratio_XZ": 1.82054,
        "Aspect_Ratio_YZ": 0.02222,
        "Is_Solid": true,
        "Volume_cubic_mm": 0.00672,
        "Surface_Area_square_mm": 1.08662
    }
}