{
    "Ground_Truth": {
        "Number_of_Faces": 160,
        "Number_of_Unique_Edges": 240,
        "Number_of_Vertices": 80,
        "Width_mm": 0.75,
        "Height_mm": 0.375,
        "Depth_mm": 0.01563,
        "Bounding_Box_Center": "Vector (-0.37499999999999994, -0.18749999999999997, 0.007812499999999989)",
        "Aspect_Ratio_XY": 2.0,
        "Aspect_Ratio_XZ": 48.0,
        "Aspect_Ratio_YZ": 24.0,
        "Is_Solid": true,
        "Volume_cubic_mm": 0.00429,
        "Surface_Area_square_mm": 0.58852
    }
}