{
    "Ground_Truth": {
        "Number_of_Faces": 44,
        "Number_of_Unique_Edges": 66,
        "Number_of_Vertices": 24,
        "Width_mm": 0.33302,
        "Height_mm": 0.90823,
        "Depth_mm": 0.00605,
        "Bounding_Box_Center": "Vector (0.022745802998542786, 0.2958872988820076, 0.0030274179298430634)",
        "Aspect_Ratio_XY": 0.36667,
        "Aspect_Ratio_XZ": 55.00001,
        "Aspect_Ratio_YZ": 150.0,
        "Is_Solid": true,
        "Volume_cubic_mm": 0.00178,
        "Surface_Area_square_mm": 0.60344
    }
}