{
    "Ground_Truth": {
        "Number_of_Faces": 28,
        "Number_of_Unique_Edges": 42,
        "Number_of_Vertices": 16,
        "Width_mm": 0.92691,
        "Height_mm": 0.27167,
        "Depth_mm": 0.92691,
        "Bounding_Box_Center": "Vector (-0.17691026628017426, -0.13583250343799577, 0.2865447923541069)",
        "Aspect_Ratio_XY": 3.41196,
        "Aspect_Ratio_XZ": 1.0,
        "Aspect_Ratio_YZ": 0.29309,
        "Is_Solid": true,
        "Volume_cubic_mm": 0.19336,
        "Surface_Area_square_mm": 2.25793
    }
}