{
    "Ground_Truth": {
        "Number_of_Faces": 176,
        "Number_of_Unique_Edges": 264,
        "Number_of_Vertices": 90,
        "Width_mm": 0.78042,
        "Height_mm": 0.44009,
        "Depth_mm": 0.1434,
        "Bounding_Box_Center": "Vector (0.35979142505675554, 0.1911935256794095, 0.07169754803180695)",
        "Aspect_Ratio_XY": 1.7733,
        "Aspect_Ratio_XZ": 5.44243,
        "Aspect_Ratio_YZ": 3.06909,
        "Is_Solid": true,
        "Volume_cubic_mm": 0.01309,
        "Surface_Area_square_mm": 1.32268
    }
}