{
    "Ground_Truth": {
        "Number_of_Faces": 232,
        "Number_of_Unique_Edges": 348,
        "Number_of_Vertices": 116,
        "Width_mm": 0.10887,
        "Height_mm": 0.87095,
        "Depth_mm": 1.08869,
        "Bounding_Box_Center": "Vector (0.054434649646282196, 0.037744760513305664, 0.20565365254878998)",
        "Aspect_Ratio_XY": 0.125,
        "Aspect_Ratio_XZ": 0.1,
        "Aspect_Ratio_YZ": 0.8,
        "Is_Solid": true,
        "Volume_cubic_mm": 0.09771,
        "Surface_Area_square_mm": 2.26812
    }
}